# Copyright (c) Meta Platforms, Inc. and affiliates.
#
# Licensed under the Apache License, Version 2.0 (the "License");
# you may not use this file except in compliance with the License.
# You may obtain a copy of the License at
#
#     http://www.apache.org/licenses/LICENSE-2.0
#
# Unless required by applicable law or agreed to in writing, software
# distributed under the License is distributed on an "AS IS" BASIS,
# WITHOUT WARRANTIES OR CONDITIONS OF ANY KIND, either express or implied.
# See the License for the specific language governing permissions and
# limitations under the License.


# Matter on an 8 MB board without PSRAM: prod_data and prod_bak stay at their
# fixed offsets; one app slot below them, one above, then Matter's own NVS and
# the PAA certificates (SPIFFS) the commissioner checks devices against.
# Name,    Type, SubType, Offset,   Size,     Flags
nvs,       data, nvs,     0x11000,  0x6000,
otadata,   data, ota,     0x17000,  0x2000,
phy_init,  data, phy,     0x19000,  0x1000,
ota_0,     app,  ota_0,   0x20000,  0x400000,
prod_data, data, 0x40,    0x420000, 0x1000,
prod_bak,  data, 0x41,    0x421000, 0x1000,
ota_1,     app,  ota_1,   0x430000, 0x380000,
matter,    data, nvs,     0x7B0000, 0x10000,
paa_cert,  data, spiffs,  0x7C0000, 0x20000,
