state,role,ref_group,knobs,poll_ms,quality,mean_mA,min_mA,max_mA,source_power_mW,included_s,samples,coverage_ratio,timeline_uncertainty_s,sampled_charge_mAh,sampled_energy_mWh,guard_s,assumed_clock_drift_ppm
cold_ref,other,,codec_cold,1000,receive_window_estimate,3.68053216,0.848294492,67.2713799,14.2510205,17.9,1789952,0.999973184,0,0.0182999331,0.0708573408,1,250
cold_i2s_low,ref,cold,i2s_low+codec_cold,1000,receive_window_estimate,3.60092568,0.82686667,70.3126493,13.9427842,17.9,1789952,0.999973184,0,0.0179041225,0.0693247625,1,250
cold_i2s_hiz,variant,cold,i2s_hiz+codec_cold,1000,receive_window_estimate,3.64863501,0.82686667,62.9010296,14.1275148,17.9,1789952,0.999973184,0,0.0181413376,0.0702432592,1,250
cold_i2s_low_b,ref,cold,i2s_low+codec_cold,1000,receive_window_estimate,3.60176078,0.809734225,64.9912212,13.9460178,17.9,1789952,0.999973184,0,0.0179082748,0.0693408399,1,250
codec_initialized,other,,codec_initialized,1000,receive_window_estimate,15.6028013,11.8505031,90.8728356,60.4140465,17.9,1789954,0.999974302,0,0.0775786015,0.300384345,1,250
codec_suspended,other,,codec_suspended,1000,receive_window_estimate,2.9699229,0.67725351,68.7918635,11.4995415,17.9,1789952,0.999973184,0,0.0147667207,0.0571767424,1,250
warm_ref,ref,warm,none,1000,receive_window_estimate,2.97159631,0.609081335,68.0315839,11.5060209,17.9,1789952,0.999973184,0,0.014775041,0.0572089587,1,250
uart_hiz,variant,warm,uart_hiz,1000,receive_window_estimate,2.96899675,0.651672591,68.0315839,11.4959554,17.9,1789695,0.999829609,0,0.0147599962,0.0571507054,1,250
warm_ref_2,ref,warm,none,1000,receive_window_estimate,2.96785746,0.63888949,71.8337373,11.4915441,17.9,1789952,0.999973184,0,0.0147564511,0.0571369787,1,250
rgb_low,variant,warm,rgb_low,1000,receive_window_estimate,2.96555196,0.655934714,64.9912212,11.4826172,17.9,1802525,1.00699721,0,0.0148485599,0.0574936238,1,250
warm_ref_3,ref,warm,none,1000,receive_window_estimate,2.96293079,0.643149978,76.3988145,11.472468,17.9,1789697,0.999830726,0,0.0147298565,0.0570340044,1,250
pulls_off,variant,warm,pulls_off,1000,receive_window_estimate,2.96097479,0.655934714,74.1159359,11.4648944,17.9,1789952,0.999973184,0,0.0147222299,0.057004474,1,250
warm_ref_4,ref,warm,none,1000,receive_window_estimate,2.96286906,0.613338008,75.6377794,11.472229,17.9,1789954,0.999974302,0,0.0147316648,0.0570410061,1,250
unused_hiz,variant,warm,unused_hiz,1000,receive_window_estimate,2.96246072,0.626111296,72.5943946,11.4706479,17.9,1790207,1.00011564,0,0.0147317164,0.057041206,1,250
warm_ref_5,ref,warm,none,1000,receive_window_estimate,2.96115701,0.668724356,69.5522186,11.4656,17.9,1790207,1.00011564,0,0.0147252334,0.0570161036,1,250
gpio_isolate,variant,warm,gpio_isolate,1000,receive_window_estimate,3.06187457,0.651672591,62.7117424,11.8555783,18,1800192,1.00010667,0,0.0153110059,0.0592842147,1,250
warm_ref_6,ref,warm,none,1000,receive_window_estimate,2.95693447,0.630370149,71.0731555,11.4492503,17.9,1786617,0.998110056,0,0.0146747483,0.0568206255,1,250
cpu_pd,variant,warm,cpu_pd,1000,receive_window_estimate,2.51888005,0.362787952,71.0731555,9.75310356,17.9,1789952,0.999973184,0,0.0125240955,0.0484932979,1,250
warm_ref_7,ref,warm,none,1000,receive_window_estimate,2.95630692,0.58780615,71.8337373,11.4468204,17.9,1789952,0.999973184,0,0.0146990208,0.0569146085,1,250
best_combined,variant,warm,i2s_low+uart_hiz+rgb_low+pulls_off+unused_hiz+gpio_isolate+cpu_pd,1000,receive_window_estimate,2.45800822,0.367302328,69.5522186,9.51740783,17.9,1789952,0.999973184,0,0.0122214354,0.0473213977,1,250
warm_ref_8,ref,warm,none,1000,receive_window_estimate,2.95401906,0.643149978,67.2713799,11.4379618,18,1799937,0.999965,0,0.0147695784,0.0571878074,1,250
best_combined_b,variant,warm,i2s_low+uart_hiz+rgb_low+pulls_off+unused_hiz+gpio_isolate+cpu_pd,1000,receive_window_estimate,2.45435958,0.583552748,72.5943946,9.50328028,17.9,1789952,0.999973184,0,0.012203294,0.0472511543,1,250
best_poll_5s,variant,warm,i2s_low+uart_hiz+rgb_low+pulls_off+unused_hiz+gpio_isolate+cpu_pd,5000,receive_window_estimate,2.42247658,0.71139193,60.9112355,9.37982933,17.9,1789950,0.999972067,0,0.0120447554,0.0466372931,1,250
warm_ref_9,ref,warm,none,1000,receive_window_estimate,2.95174322,0.668724356,74.1159359,11.4291497,17.9,1790725,1.00040503,0,0.0146826677,0.0568512893,1,250
deep_sleep_timer,other,,gpio_isolate+codec_suspended,0,receive_window_estimate,1.58976471,0.626111296,3.38499719,6.15556895,18.4,1839873,0.999930978,0.305435,0.00812490323,0.0314596253,1,250
deep_sleep_timer_held,other,,i2s_low+rgb_low+gpio_isolate+gpio_hold+codec_suspended,0,receive_window_estimate,1.12406319,0.0744621113,12.4111898,4.35237267,17.9,1789950,0.999972067,0.610876,0.00558893585,0.0216403596,1.296789,250
