state,repeat,quality,mean_mA,min_mA,max_mA,source_power_mW,included_s,samples,coverage_ratio,sampled_charge_mAh,sampled_energy_mWh,guard_s,assumed_clock_drift_ppm
baseline_pre,0,receive_window_estimate,36.1511877,32.3256722,106.138112,139.977399,18,1800192,1.00010667,0.180775219,0.699961649,1,250
cpu_fixed_40_idle,0,receive_window_estimate,50.6427991,41.4298148,70.3126493,196.088918,17.9,1789697,0.999830726,0.251764627,0.974832634,1,250
cpu_fixed_80_idle,0,receive_window_estimate,57.6545462,44.6136179,84.0133205,223.238403,17.9,1789952,0.999973184,0.286663529,1.10996118,1,250
cpu_fixed_160_idle,0,receive_window_estimate,64.4216463,51.3245478,86.2991456,249.440615,17.9,1789954,0.999974302,0.32031051,1.24024229,1,250
cpu_fixed_240_idle,0,receive_window_estimate,69.2674507,55.8773857,100.028375,268.203569,17.9,1789952,0.999973184,0.344403922,1.33353199,1,250
baseline_cpu_post,0,receive_window_estimate,36.1052445,32.224955,103.846394,139.799507,17.9,1789952,0.999973184,0.179518485,0.695095574,1,250
lcd_rail_off_pre,0,receive_window_estimate,57.5004994,44.5087142,82.4898149,222.641934,17.9,1789952,0.999973184,0.285897594,1.10699548,1,250
lcd_black_bl_0,0,receive_window_estimate,67.4677668,47.6710657,90.110365,261.235193,17.9,1789952,0.999973184,0.335455734,1.2988846,1,250
lcd_black_bl_25,0,receive_window_estimate,76.1786486,51.3245478,117.606901,294.963727,17.9,1789952,0.999973184,0.378767012,1.46658587,1,250
lcd_black_bl_50,0,receive_window_estimate,85.1564154,52.8418582,124.496334,329.72564,17.9,1790721,1.00040279,0.42358717,1.64012952,1,250
lcd_black_bl_100,0,receive_window_estimate,103.471987,87.8234067,127.560269,400.643533,17.9,1790209,1.00011676,0.514545783,1.99232127,1,250
lcd_rail_off_post,0,receive_window_estimate,61.3657217,45.8225289,84.0133205,237.608074,17.9,1790207,1.00011564,0.30515929,1.18157677,1,250
codecs_closed_pre,0,receive_window_estimate,61.1259315,45.8751953,84.7751867,236.679607,17.9,1789952,0.999973184,0.303923565,1.17679204,1,250
codecs_open_amp_off,0,receive_window_estimate,62.8324706,46.9832138,82.4898149,243.287326,17.9,1790207,1.00011564,0.312453135,1.20981854,1,250
codecs_open_amp_on,0,receive_window_estimate,66.4570675,52.8418582,84.0133205,257.321765,17.9,1789952,0.999973184,0.330430447,1.27942669,1,250
mic_capture_16k,0,receive_window_estimate,62.8792741,46.824689,89.34797,243.468549,17.9,1789954,0.999974302,0.312641689,1.21054862,1,250
sine_1k_minus18dbfs,0,receive_window_estimate,66.6576272,52.8418582,84.0133205,258.098332,17.9,1790207,1.00011564,0.331474863,1.28347067,1,250
codecs_closed_post,0,receive_window_estimate,26.0682588,19.5261879,39.0504684,100.936298,17.9,1789952,0.999973184,0.1296137,0.501864246,1,250
adc_divider_rail_on,0,receive_window_estimate,26.1971987,19.6223858,39.2050783,101.435553,17.9,1789954,0.999974302,0.130254946,0.504347152,1,250
adc_sample_1hz,0,receive_window_estimate,27.5404559,20.8761467,44.9285393,106.636645,18,1799680,0.999822222,0.137677799,0.533088438,1,250
adc_divider_off_post,0,receive_window_estimate,27.4409119,20.634579,40.237825,106.251211,17.9,1789954,0.999974302,0.136438806,0.528291055,1,250
wifi_scanning,0,receive_window_estimate,74.1265556,24.3789995,391.621131,287.018023,18,1799937,0.999965,0.370619806,1.43503989,1,250
wifi_associated_idle,0,not_measured,,,,,,,,,,,250
ble_advertising,0,not_measured,,,,,,,,,,,250
camera_capture,0,not_measured,,,,,,,,,,,250
deep_sleep_timer,0,not_measured,,,,,,,,,,,250
baseline_post,0,receive_window_estimate,3.07651398,0.660197383,72.5943946,11.9122621,17.9,1789952,0.999973184,0.015296701,0.0592288262,1,250
